[{"model": "main.post", "pk": 2, "fields": {"title": "Cycling is healthy!", "content": "##Next week award is 20% discount on a bike!\r\nKeep swapping for your chance to win 1 of 50 bike discounts!![](/media/markdownx/2091e25e-161a-47a9-bd80-1f40fa761c77.png)", "updated_at": "2025-06-14T04:19:27.778Z"}}, {"model": "main.post", "pk": 3, "fields": {"title": "test", "content": "#HELLO PEOPLE!!!!!\r\n##This is an **epick** post by ARTURO NEALE!!!!!!\r\nwe have content here\r\nlike lists \r\n\r\n---\r\n\r\n- *Italicized item (cool)*\r\n- **Bold item (scary)**\r\n- ***Third item (somehow scary but cool)***\r\n> cool quote by a cool person (the cool person is **arturo**)\r\n\r\nalso you can link to things like [this page](https://www.cool.com) (a very cool page)\r\nand...\r\n#####and.....\r\n####AND...........\r\n###AND.....................\r\n#YOU CAN DO IMAGES!!!!!!!!!!!!!!!!!!!!!!!!!!!!!!!!!!\r\n###(like this)\r\n####SCARIEST THING EVER COMING UP....\r\n#.\r\n#.\r\n#.\r\n#.\r\n#.\r\n#.\r\n#.\r\n#.\r\n#.\r\n#.\r\n![](/media/markdownx/a41b8244-5c27-479a-bd61-fede5d6fc2fe.png)   \r\n*teams jumpscare!!!! (which you can't change the size of but also i hate teams)*", "updated_at": "2025-06-14T04:21:06.524Z"}}, {"model": "main.employer", "pk": "Company Corporation", "fields": {"emissions_saved": 0}}, {"model": "main.employer", "pk": "Council", "fields": {"emissions_saved": 0}}, {"model": "main.employer", "pk": "Morbius Corp", "fields": {"emissions_saved": 0}}, {"model": "main.employer", "pk": "None / Other / Prefer Not To Say", "fields": {"emissions_saved": 35841}}, {"model": "main.employer", "pk": "Toyota", "fields": {"emissions_saved": 0}}, {"model": "main.employer", "pk": "Very Very Very Very Long Employer", "fields": {"emissions_saved": 1204}}, {"model": "main.employer", "pk": "a", "fields": {"emissions_saved": 0}}, {"model": "main.employer", "pk": "aa", "fields": {"emissions_saved": 6716}}, {"model": "main.employer", "pk": "b", "fields": {"emissions_saved": 0}}, {"model": "main.employer", "pk": "ba", "fields": {"emissions_saved": 0}}, {"model": "main.employer", "pk": "c", "fields": {"emissions_saved": 0}}, {"model": "main.employer", "pk": "ca", "fields": {"emissions_saved": 0}}, {"model": "main.employer", "pk": "d", "fields": {"emissions_saved": 0}}, {"model": "main.employer", "pk": "da", "fields": {"emissions_saved": 0}}, {"model": "main.employer", "pk": "e", "fields": {"emissions_saved": 0}}, {"model": "main.employer", "pk": "ea", "fields": {"emissions_saved": 0}}, {"model": "main.employer", "pk": "f", "fields": {"emissions_saved": 0}}, {"model": "main.employer", "pk": "fa", "fields": {"emissions_saved": 0}}, {"model": "main.employer", "pk": "g", "fields": {"emissions_saved": 0}}, {"model": "main.employer", "pk": "ga", "fields": {"emissions_saved": 0}}, {"model": "main.employer", "pk": "h", "fields": {"emissions_saved": 0}}, {"model": "main.employer", "pk": "ha", "fields": {"emissions_saved": 0}}, {"model": "main.employer", "pk": "i", "fields": {"emissions_saved": 0}}, {"model": "main.employer", "pk": "ia", "fields": {"emissions_saved": 0}}, {"model": "main.employer", "pk": "j", "fields": {"emissions_saved": 0}}, {"model": "main.employer", "pk": "ja", "fields": {"emissions_saved": 0}}, {"model": "main.employer", "pk": "k", "fields": {"emissions_saved": 0}}, {"model": "main.employer", "pk": "ka", "fields": {"emissions_saved": 0}}, {"model": "main.employer", "pk": "l", "fields": {"emissions_saved": 0}}, {"model": "main.employer", "pk": "la", "fields": {"emissions_saved": 0}}, {"model": "main.employer", "pk": "ma", "fields": {"emissions_saved": 0}}, {"model": "main.employer", "pk": "n", "fields": {"emissions_saved": 0}}, {"model": "main.employer", "pk": "na", "fields": {"emissions_saved": 0}}, {"model": "main.employer", "pk": "o", "fields": {"emissions_saved": 0}}, {"model": "main.employer", "pk": "p", "fields": {"emissions_saved": 0}}, {"model": "main.employer", "pk": "q", "fields": {"emissions_saved": 0}}, {"model": "main.employer", "pk": "r", "fields": {"emissions_saved": 0}}, {"model": "main.employer", "pk": "s", "fields": {"emissions_saved": 0}}, {"model": "main.employer", "pk": "t", "fields": {"emissions_saved": 0}}, {"model": "main.employer", "pk": "u", "fields": {"emissions_saved": 0}}, {"model": "main.employer", "pk": "v", "fields": {"emissions_saved": 0}}, {"model": "main.employer", "pk": "w", "fields": {"emissions_saved": 0}}, {"model": "main.employer", "pk": "x", "fields": {"emissions_saved": 0}}, {"model": "main.employer", "pk": "y", "fields": {"emissions_saved": 0}}, {"model": "main.employer", "pk": "z", "fields": {"emissions_saved": 0}}, {"model": "main.region", "pk": "Nelson", "fields": {"emissions_saved": 1204}}, {"model": "main.region", "pk": "Other", "fields": {"emissions_saved": 42557}}, {"model": "main.region", "pk": "Tasman", "fields": {"emissions_saved": 0}}, {"model": "main.all", "pk": "all", "fields": {"emissions_saved": 35256}}, {"model": "main.user", "pk": "45fe57ae-6822-4cda-97d1-bfa475bd4e76", "fields": {"email": "arturo.neale@nc.school.nz", "sign_up_time": "2025-06-20T04:45:59.069Z", "age_group": "13-17", "name": "Asd", "distance": 500, "vehicle": 243, "employer": "None / Other / Prefer Not To Say", "region": "Nelson", "emissions_saved": 0, "logged_this_week": false, "trigger_email": false}}, {"model": "main.user", "pk": "a87d3bbc-1caa-4f62-9ec6-2b6defc740ab", "fields": {"email": "arturo.neale@gmail.com", "sign_up_time": "2025-09-08T01:28:14.791Z", "age_group": "35-44", "name": "A. R. Turo", "distance": 5000, "vehicle": 192, "employer": "g", "region": "Nelson", "emissions_saved": 0, "logged_this_week": false, "trigger_email": false}}, {"model": "main.user", "pk": "c57a43f9-5810-44df-84f3-c99323d20686", "fields": {"email": "arturo.neale2@gmail.com", "sign_up_time": "2025-06-08T00:13:41.141Z", "age_group": "13-17", "name": "Arturo", "distance": 1000, "vehicle": 98, "employer": "Very Very Very Very Long Employer", "region": "Tasman", "emissions_saved": 0, "logged_this_week": false, "trigger_email": false}}, {"model": "main.user", "pk": "d4af9698-3ab0-4416-9016-cc95a56b74ea", "fields": {"email": "arturo.neale@mail.com", "sign_up_time": "2025-09-06T04:11:45.083Z", "age_group": "45-64", "name": "Boseph", "distance": 1000, "vehicle": 265, "employer": "d", "region": "Nelson", "emissions_saved": 0, "logged_this_week": false, "trigger_email": false}}, {"model": "main.deleteduser", "pk": "1bcae6d1-f383-4a37-bd60-dff0f0a13536", "fields": {"sign_up_time": "2025-04-26T04:16:43.424Z", "age_group": "13-17", "distance": 500, "vehicle": 20, "employer": "None / Other / Prefer Not To Say", "region": "Other", "emissions_saved": 121}}, {"model": "main.deleteduser", "pk": "1e3382e4-c3f0-4aa1-8c41-1cee0964d3ef", "fields": {"sign_up_time": "2025-05-01T08:11:10.099Z", "age_group": "13-17", "distance": 500, "vehicle": 20, "employer": "None / Other / Prefer Not To Say", "region": "Other", "emissions_saved": 2430}}, {"model": "main.deleteduser", "pk": "1f79f6d4-33b4-4794-b91e-af695a519c31", "fields": {"sign_up_time": "2025-08-07T08:31:21.172Z", "age_group": "13-17", "distance": 1000, "vehicle": 265, "employer": "None / Other / Prefer Not To Say", "region": "Other", "emissions_saved": 0}}, {"model": "main.deleteduser", "pk": "217fa1ef-fb0d-477b-885d-16317b3a6c2a", "fields": {"sign_up_time": "2025-05-02T04:37:10.414Z", "age_group": "13-17", "distance": 500, "vehicle": 20, "employer": "None / Other / Prefer Not To Say", "region": "Other", "emissions_saved": 2430}}, {"model": "main.deleteduser", "pk": "229f5ccb-2475-4a71-934c-78c0312d7c8d", "fields": {"sign_up_time": "2025-04-24T09:28:38.012Z", "age_group": "45-64", "distance": 500, "vehicle": 20, "employer": "None / Other / Prefer Not To Say", "region": "Other", "emissions_saved": 0}}, {"model": "main.deleteduser", "pk": "24e5da26-f9c3-4467-9ac2-f9537dabec13", "fields": {"sign_up_time": "2025-05-06T08:44:28.312Z", "age_group": "13-17", "distance": 500, "vehicle": 20, "employer": "None / Other / Prefer Not To Say", "region": "Other", "emissions_saved": 12150}}, {"model": "main.deleteduser", "pk": "309f54d3-f233-4a35-b80d-d1ff6eb3af3e", "fields": {"sign_up_time": "2025-04-23T04:51:48.768Z", "age_group": "<13", "distance": 500, "vehicle": 20, "employer": "None / Other / Prefer Not To Say", "region": "Other", "emissions_saved": 0}}, {"model": "main.deleteduser", "pk": "4dc6450c-cb14-4283-b016-21bdf34ae095", "fields": {"sign_up_time": "2025-04-23T04:50:38.462Z", "age_group": "<13", "distance": 500, "vehicle": 20, "employer": "None / Other / Prefer Not To Say", "region": "Other", "emissions_saved": 0}}, {"model": "main.deleteduser", "pk": "54c630cb-3188-47f6-8b09-6d4d16ffa089", "fields": {"sign_up_time": "2025-04-23T23:46:43.443Z", "age_group": "25-34", "distance": 500, "vehicle": 20, "employer": "None / Other / Prefer Not To Say", "region": "Other", "emissions_saved": 8657}}, {"model": "main.deleteduser", "pk": "5acff487-6e9e-4e35-9e20-e03ce84ad1de", "fields": {"sign_up_time": "2025-07-07T04:32:42.393Z", "age_group": "13-17", "distance": 1000, "vehicle": 98, "employer": "Very Very Very Very Long Employer", "region": "Nelson", "emissions_saved": 0}}, {"model": "main.deleteduser", "pk": "6139f343-9b9b-45ee-af89-8ee1aee2828c", "fields": {"sign_up_time": "2025-07-07T04:37:47.044Z", "age_group": "13-17", "distance": 1000, "vehicle": 98, "employer": "Very Very Very Very Long Employer", "region": "Nelson", "emissions_saved": 1204}}, {"model": "main.deleteduser", "pk": "63dbc2d7-6a4f-420c-bde5-0809480dfffc", "fields": {"sign_up_time": "2025-04-25T02:56:52.600Z", "age_group": "13-17", "distance": 500, "vehicle": 20, "employer": "None / Other / Prefer Not To Say", "region": "Other", "emissions_saved": 121}}, {"model": "main.deleteduser", "pk": "6bf4a674-73c9-476b-b613-8cc3dbce2971", "fields": {"sign_up_time": "2025-04-23T03:50:18.718Z", "age_group": "13-17", "distance": 500, "vehicle": 20, "employer": "None / Other / Prefer Not To Say", "region": "Other", "emissions_saved": 6}}, {"model": "main.deleteduser", "pk": "71a6c59c-bf6a-404c-b1fa-3d1b093a38c5", "fields": {"sign_up_time": "2025-05-10T04:35:15.170Z", "age_group": "<13", "distance": 2500, "vehicle": 243, "employer": "None / Other / Prefer Not To Say", "region": "Other", "emissions_saved": 6075}}, {"model": "main.deleteduser", "pk": "756feac8-7a22-4b22-a97f-7fd3f6b1c56c", "fields": {"sign_up_time": "2025-04-24T00:52:57.236Z", "age_group": "<13", "distance": 500, "vehicle": 20, "employer": "None / Other / Prefer Not To Say", "region": "Other", "emissions_saved": 0}}, {"model": "main.deleteduser", "pk": "7b25fb3e-2af9-4a87-986a-12858d51abf7", "fields": {"sign_up_time": "2025-04-24T08:04:22.566Z", "age_group": "13-17", "distance": 500, "vehicle": 20, "employer": "None / Other / Prefer Not To Say", "region": "Other", "emissions_saved": 0}}, {"model": "main.deleteduser", "pk": "7dbc761c-46d2-43c3-a50f-d71b842661d6", "fields": {"sign_up_time": "2025-08-08T08:46:27.362Z", "age_group": "prefer_not", "distance": 10000, "vehicle": 243, "employer": "None / Other / Prefer Not To Say", "region": "Other", "emissions_saved": 42}}, {"model": "main.deleteduser", "pk": "83248829-5e9c-4e6e-89c0-007fe50b51e7", "fields": {"sign_up_time": "2025-04-24T06:50:03.267Z", "age_group": "<13", "distance": 500, "vehicle": 20, "employer": "None / Other / Prefer Not To Say", "region": "Other", "emissions_saved": 0}}, {"model": "main.deleteduser", "pk": "859ca97a-ddf9-4a9f-a89a-1dd0645e1feb", "fields": {"sign_up_time": "2025-04-23T06:40:58.544Z", "age_group": "<13", "distance": 500, "vehicle": 20, "employer": "None / Other / Prefer Not To Say", "region": "Other", "emissions_saved": 0}}, {"model": "main.deleteduser", "pk": "95a084a1-4cd1-419d-b3ab-48a4237ab7cf", "fields": {"sign_up_time": "2025-04-24T09:19:31.920Z", "age_group": "45-64", "distance": 500, "vehicle": 20, "employer": "None / Other / Prefer Not To Say", "region": "Other", "emissions_saved": 0}}, {"model": "main.deleteduser", "pk": "ac1bf994-b7df-4864-af51-571e1db4dbb9", "fields": {"sign_up_time": "2025-04-23T04:03:01.703Z", "age_group": "<13", "distance": 500, "vehicle": 20, "employer": "None / Other / Prefer Not To Say", "region": "Other", "emissions_saved": 0}}, {"model": "main.deleteduser", "pk": "b3a71193-52bd-4684-a766-6863e727a359", "fields": {"sign_up_time": "2025-07-26T12:00:29.559Z", "age_group": "13-17", "distance": 2500, "vehicle": 98, "employer": "Very Very Very Very Long Employer", "region": "Nelson", "emissions_saved": 0}}, {"model": "main.deleteduser", "pk": "b89a70c3-71b9-4c8b-93df-611415d20748", "fields": {"sign_up_time": "2025-04-24T07:58:52.381Z", "age_group": "13-17", "distance": 500, "vehicle": 20, "employer": "None / Other / Prefer Not To Say", "region": "Other", "emissions_saved": 0}}, {"model": "main.deleteduser", "pk": "c10d6ab1-fb39-458a-b80f-3ea0cc634226", "fields": {"sign_up_time": "2025-04-26T04:54:44.596Z", "age_group": "13-17", "distance": 500, "vehicle": 20, "employer": "None / Other / Prefer Not To Say", "region": "Other", "emissions_saved": 0}}, {"model": "main.deleteduser", "pk": "cf577c89-8ea7-4a9a-8879-6f510c7c8625", "fields": {"sign_up_time": "2025-05-17T23:13:29.626Z", "age_group": "13-17", "distance": 2500, "vehicle": 265, "employer": "f", "region": "Tasman", "emissions_saved": 0}}, {"model": "main.deleteduser", "pk": "d190e4cc-d0e4-4426-ac94-0db3eee2b5b1", "fields": {"sign_up_time": "2025-05-17T23:47:08.318Z", "age_group": "13-17", "distance": 1000, "vehicle": 98, "employer": "None / Other / Prefer Not To Say", "region": "Nelson", "emissions_saved": 294}}, {"model": "main.deleteduser", "pk": "d2eba25d-6a94-48ff-af83-7c157e414b30", "fields": {"sign_up_time": "2025-05-01T08:09:46.379Z", "age_group": ">65", "distance": 500, "vehicle": 243, "employer": "aa", "region": "Other", "emissions_saved": 53812}}, {"model": "main.deleteduser", "pk": "f26bfef8-24a9-467e-a90e-cdd5a4cba13e", "fields": {"sign_up_time": "2025-04-26T04:51:19.146Z", "age_group": "13-17", "distance": 500, "vehicle": 20, "employer": "None / Other / Prefer Not To Say", "region": "Other", "emissions_saved": 0}}, {"model": "main.deleteduser", "pk": "f3278834-f59f-4cfe-ba0a-3b4926cea348", "fields": {"sign_up_time": "2025-05-18T02:43:34.788Z", "age_group": "13-17", "distance": 50000, "vehicle": 98, "employer": "Very Very Very Very Long Employer", "region": "Nelson", "emissions_saved": 110250}}, {"model": "main.deleteduser", "pk": "f7d5a93f-6652-49ff-bbfe-cdbf88b7851e", "fields": {"sign_up_time": "2025-05-01T08:23:04.421Z", "age_group": "13-17", "distance": 500, "vehicle": 20, "employer": "None / Other / Prefer Not To Say", "region": "Other", "emissions_saved": 2430}}, {"model": "main.deleteduser", "pk": "f85bb7f3-97d1-453a-b7dd-f52d8a8c3a2a", "fields": {"sign_up_time": "2025-05-17T23:45:02.317Z", "age_group": "13-17", "distance": 1000, "vehicle": 98, "employer": "Very Very Very Very Long Employer", "region": "Nelson", "emissions_saved": 0}}, {"model": "main.deleteduser", "pk": "f8a95dae-4812-4f73-b9f1-506bc6cbb5c9", "fields": {"sign_up_time": "2025-07-26T10:20:34.699Z", "age_group": "13-17", "distance": 2500, "vehicle": 98, "employer": "Very Very Very Very Long Employer", "region": "Nelson", "emissions_saved": 0}}, {"model": "main.deleteduser", "pk": "fa22c702-4828-4900-bff8-82961380703a", "fields": {"sign_up_time": "2025-04-25T02:28:01.023Z", "age_group": "<13", "distance": 500, "vehicle": 20, "employer": "None / Other / Prefer Not To Say", "region": "Other", "emissions_saved": 26972}}, {"model": "main.deleteduser", "pk": "faa03010-676e-4a93-8da9-ed1c0e45d27b", "fields": {"sign_up_time": "2025-05-02T07:57:25.574Z", "age_group": "<13", "distance": 500, "vehicle": 20, "employer": "None / Other / Prefer Not To Say", "region": "Other", "emissions_saved": 121}}, {"model": "main.deleteduser", "pk": "fee51d3d-1794-465a-85f6-3bad2b50b8d3", "fields": {"sign_up_time": "2025-04-23T06:03:30.561Z", "age_group": "35-44", "distance": 500, "vehicle": 20, "employer": "None / Other / Prefer Not To Say", "region": "Other", "emissions_saved": 0}}, {"model": "main.deletedtrip", "pk": 1, "fields": {"user": "fee51d3d-1794-465a-85f6-3bad2b50b8d3", "mode": null, "log_time": "2025-04-23T06:04:27.586Z", "text_response": null, "quantity": 1}}, {"model": "main.deletedtrip", "pk": 2, "fields": {"user": "fee51d3d-1794-465a-85f6-3bad2b50b8d3", "mode": null, "log_time": "2025-04-23T06:05:58.419Z", "text_response": "i don't like trees", "quantity": 1}}, {"model": "main.deletedtrip", "pk": 3, "fields": {"user": "ac1bf994-b7df-4864-af51-571e1db4dbb9", "mode": null, "log_time": "2025-04-23T05:07:53.747Z", "text_response": null, "quantity": 1}}, {"model": "main.deletedtrip", "pk": 4, "fields": {"user": "ac1bf994-b7df-4864-af51-571e1db4dbb9", "mode": null, "log_time": "2025-04-23T05:30:09.403Z", "text_response": "", "quantity": 1}}, {"model": "main.deletedtrip", "pk": 5, "fields": {"user": "ac1bf994-b7df-4864-af51-571e1db4dbb9", "mode": null, "log_time": "2025-04-23T05:32:59.719Z", "text_response": null, "quantity": 1}}, {"model": "main.deletedtrip", "pk": 6, "fields": {"user": "ac1bf994-b7df-4864-af51-571e1db4dbb9", "mode": null, "log_time": "2025-04-23T05:50:59.523Z", "text_response": "i morbed :(", "quantity": 1}}, {"model": "main.deletedtrip", "pk": 7, "fields": {"user": "ac1bf994-b7df-4864-af51-571e1db4dbb9", "mode": null, "log_time": "2025-04-23T05:52:39.577Z", "text_response": "<script>alert(123)</script>", "quantity": 1}}, {"model": "main.deletedtrip", "pk": 8, "fields": {"user": "ac1bf994-b7df-4864-af51-571e1db4dbb9", "mode": null, "log_time": "2025-04-23T05:54:29.061Z", "text_response": "105 OR 1=1", "quantity": 1}}, {"model": "main.deletedtrip", "pk": 9, "fields": {"user": "ac1bf994-b7df-4864-af51-571e1db4dbb9", "mode": null, "log_time": "2025-04-23T05:54:58.145Z", "text_response": null, "quantity": 1}}, {"model": "main.deletedtrip", "pk": 10, "fields": {"user": "ac1bf994-b7df-4864-af51-571e1db4dbb9", "mode": null, "log_time": "2025-04-23T05:55:53.777Z", "text_response": "jdask;jk", "quantity": 1}}, {"model": "main.deletedtrip", "pk": 11, "fields": {"user": "ac1bf994-b7df-4864-af51-571e1db4dbb9", "mode": null, "log_time": "2025-04-23T06:00:34.808Z", "text_response": "yea i was a bit silly and decided i actually wanted to pollute sorry :(\r\n\r\nalso i hate trees", "quantity": 1}}, {"model": "main.deletedtrip", "pk": 12, "fields": {"user": "309f54d3-f233-4a35-b80d-d1ff6eb3af3e", "mode": null, "log_time": "2025-04-23T05:33:21.678Z", "text_response": "", "quantity": 1}}, {"model": "main.deletedtrip", "pk": 13, "fields": {"user": "6bf4a674-73c9-476b-b613-8cc3dbce2971", "mode": null, "log_time": "2025-04-23T03:51:01.472Z", "text_response": null, "quantity": 1}}, {"model": "main.deletedtrip", "pk": 14, "fields": {"user": "6bf4a674-73c9-476b-b613-8cc3dbce2971", "mode": null, "log_time": "2025-04-23T05:07:05.374Z", "text_response": null, "quantity": 1}}, {"model": "main.deletedtrip", "pk": 15, "fields": {"user": "6bf4a674-73c9-476b-b613-8cc3dbce2971", "mode": null, "log_time": "2025-04-23T05:33:48.976Z", "text_response": "sowwy :(", "quantity": 1}}, {"model": "main.deletedtrip", "pk": 16, "fields": {"user": "54c630cb-3188-47f6-8b09-6d4d16ffa089", "mode": null, "log_time": "2025-04-23T23:49:50.959Z", "text_response": null, "quantity": 1}}, {"model": "main.deletedtrip", "pk": 17, "fields": {"user": "54c630cb-3188-47f6-8b09-6d4d16ffa089", "mode": null, "log_time": "2025-04-23T23:50:46.970Z", "text_response": null, "quantity": 1}}, {"model": "main.deletedtrip", "pk": 18, "fields": {"user": "54c630cb-3188-47f6-8b09-6d4d16ffa089", "mode": null, "log_time": "2025-04-24T00:08:50.905Z", "text_response": null, "quantity": 1}}, {"model": "main.deletedtrip", "pk": 19, "fields": {"user": "54c630cb-3188-47f6-8b09-6d4d16ffa089", "mode": null, "log_time": "2025-04-24T00:21:07.209Z", "text_response": null, "quantity": 1}}, {"model": "main.deletedtrip", "pk": 20, "fields": {"user": "54c630cb-3188-47f6-8b09-6d4d16ffa089", "mode": null, "log_time": "2025-04-24T01:45:21.252Z", "text_response": null, "quantity": 1}}, {"model": "main.deletedtrip", "pk": 21, "fields": {"user": "54c630cb-3188-47f6-8b09-6d4d16ffa089", "mode": null, "log_time": "2025-04-24T01:49:44.967Z", "text_response": "fsd", "quantity": 1}}, {"model": "main.deletedtrip", "pk": 22, "fields": {"user": "54c630cb-3188-47f6-8b09-6d4d16ffa089", "mode": null, "log_time": "2025-04-24T01:49:45.129Z", "text_response": "fsd", "quantity": 1}}, {"model": "main.deletedtrip", "pk": 23, "fields": {"user": "54c630cb-3188-47f6-8b09-6d4d16ffa089", "mode": null, "log_time": "2025-04-24T01:49:45.276Z", "text_response": "fsd", "quantity": 1}}, {"model": "main.deletedtrip", "pk": 24, "fields": {"user": "63dbc2d7-6a4f-420c-bde5-0809480dfffc", "mode": "walk", "log_time": "2025-04-25T03:00:09.820Z", "text_response": null, "quantity": 1}}, {"model": "main.deletedtrip", "pk": 25, "fields": {"user": "fa22c702-4828-4900-bff8-82961380703a", "mode": "walk", "log_time": "2025-04-25T05:06:09.151Z", "text_response": null, "quantity": 1}}, {"model": "main.deletedtrip", "pk": 26, "fields": {"user": "fa22c702-4828-4900-bff8-82961380703a", "mode": "bike", "log_time": "2025-04-25T05:06:15.780Z", "text_response": null, "quantity": 1}}, {"model": "main.deletedtrip", "pk": 27, "fields": {"user": "fa22c702-4828-4900-bff8-82961380703a", "mode": null, "log_time": "2025-04-25T05:06:25.580Z", "text_response": "i ha\r\nd qwork", "quantity": 1}}, {"model": "main.deletedtrip", "pk": 28, "fields": {"user": "fa22c702-4828-4900-bff8-82961380703a", "mode": null, "log_time": "2025-04-25T05:06:32.521Z", "text_response": "i morbed", "quantity": 1}}, {"model": "main.deletedtrip", "pk": 29, "fields": {"user": "fa22c702-4828-4900-bff8-82961380703a", "mode": "bus", "log_time": "2025-04-25T05:06:38.387Z", "text_response": null, "quantity": 1}}, {"model": "main.deletedtrip", "pk": 30, "fields": {"user": "fa22c702-4828-4900-bff8-82961380703a", "mode": "bus", "log_time": "2025-04-25T05:06:44.308Z", "text_response": null, "quantity": 1}}, {"model": "main.deletedtrip", "pk": 31, "fields": {"user": "fa22c702-4828-4900-bff8-82961380703a", "mode": null, "log_time": "2025-04-25T05:24:47.064Z", "text_response": "hello!!! ,,,,,,, \"\"\"\"''''\"\"\"'~!@#%$^(&(p)(*&*&()*&*(&*&*()&)*( &<<<<<<,,,,>><><><><<MMMM,,,,,, CVMX, DFS,MV  SD,MF, DSM,DS,MF,escape, \"''\"''\"'\"'\"\"'\"\"'\"\"'\",'',',''',,,\r\n\r\n\r\nfdsfsdfsd,fg,dgfdsg,f\r\n\r\n\r\n,.,,,,,,a\r\n,df\r\nhrello thr te i am the he, llo i erast eds.", "quantity": 1}}, {"model": "main.deletedtrip", "pk": 32, "fields": {"user": "fa22c702-4828-4900-bff8-82961380703a", "mode": "walk", "log_time": "2025-04-26T03:38:34.787Z", "text_response": null, "quantity": 1}}, {"model": "main.deletedtrip", "pk": 33, "fields": {"user": "1e3382e4-c3f0-4aa1-8c41-1cee0964d3ef", "mode": "bike", "log_time": "2025-05-01T08:13:40.633Z", "text_response": null, "quantity": 1}}, {"model": "main.deletedtrip", "pk": 34, "fields": {"user": "1e3382e4-c3f0-4aa1-8c41-1cee0964d3ef", "mode": null, "log_time": "2025-05-01T08:13:55.125Z", "text_response": "I decided it wasn't worth it in the long run.", "quantity": 1}}, {"model": "main.deletedtrip", "pk": 35, "fields": {"user": "f7d5a93f-6652-49ff-bbfe-cdbf88b7851e", "mode": "bike", "log_time": "2025-05-01T08:24:49.218Z", "text_response": null, "quantity": 1}}, {"model": "main.deletedtrip", "pk": 36, "fields": {"user": "f7d5a93f-6652-49ff-bbfe-cdbf88b7851e", "mode": null, "log_time": "2025-05-01T08:25:06.053Z", "text_response": "It was raining and I didn't want to get wet.", "quantity": 1}}, {"model": "main.deletedtrip", "pk": 37, "fields": {"user": "217fa1ef-fb0d-477b-885d-16317b3a6c2a", "mode": "bus", "log_time": "2025-05-02T04:39:14.459Z", "text_response": null, "quantity": 1}}, {"model": "main.deletedtrip", "pk": 38, "fields": {"user": "217fa1ef-fb0d-477b-885d-16317b3a6c2a", "mode": null, "log_time": "2025-05-02T04:39:29.705Z", "text_response": "It was raining and I didn't want to get wet", "quantity": 1}}, {"model": "main.deletedtrip", "pk": 39, "fields": {"user": "1bcae6d1-f383-4a37-bd60-dff0f0a13536", "mode": "walk", "log_time": "2025-05-02T06:08:38.467Z", "text_response": null, "quantity": 1}}, {"model": "main.deletedtrip", "pk": 40, "fields": {"user": "faa03010-676e-4a93-8da9-ed1c0e45d27b", "mode": "walk", "log_time": "2025-05-02T07:58:49.794Z", "text_response": null, "quantity": 1}}, {"model": "main.deletedtrip", "pk": 41, "fields": {"user": "24e5da26-f9c3-4467-9ac2-f9537dabec13", "mode": "bike", "log_time": "2025-05-06T08:47:54.889Z", "text_response": null, "quantity": 1}}, {"model": "main.deletedtrip", "pk": 42, "fields": {"user": "24e5da26-f9c3-4467-9ac2-f9537dabec13", "mode": null, "log_time": "2025-05-06T08:48:10.117Z", "text_response": "i did not wish to touch grass", "quantity": 1}}, {"model": "main.deletedtrip", "pk": 43, "fields": {"user": "71a6c59c-bf6a-404c-b1fa-3d1b093a38c5", "mode": "bus", "log_time": "2025-05-10T04:36:05.616Z", "text_response": null, "quantity": 1}}, {"model": "main.deletedtrip", "pk": 44, "fields": {"user": "71a6c59c-bf6a-404c-b1fa-3d1b093a38c5", "mode": null, "log_time": "2025-05-10T04:36:37.841Z", "text_response": "I did not want to.", "quantity": 1}}, {"model": "main.deletedtrip", "pk": 45, "fields": {"user": "d190e4cc-d0e4-4426-ac94-0db3eee2b5b1", "mode": "walk", "log_time": "2025-05-18T00:01:11.285Z", "text_response": null, "quantity": 1}}, {"model": "main.deletedtrip", "pk": 46, "fields": {"user": "d190e4cc-d0e4-4426-ac94-0db3eee2b5b1", "mode": "bike", "log_time": "2025-05-18T00:05:40.822Z", "text_response": null, "quantity": 1}}, {"model": "main.deletedtrip", "pk": 47, "fields": {"user": "f3278834-f59f-4cfe-ba0a-3b4926cea348", "mode": "walk", "log_time": "2025-05-18T02:48:34.901Z", "text_response": null, "quantity": 3}}, {"model": "main.deletedtrip", "pk": 48, "fields": {"user": "f3278834-f59f-4cfe-ba0a-3b4926cea348", "mode": "walk", "log_time": "2025-05-18T02:48:49.552Z", "text_response": null, "quantity": 14}}, {"model": "main.deletedtrip", "pk": 49, "fields": {"user": "f3278834-f59f-4cfe-ba0a-3b4926cea348", "mode": null, "log_time": "2025-05-18T02:50:40.925Z", "text_response": "could not be bothered", "quantity": 0}}, {"model": "main.deletedtrip", "pk": 50, "fields": {"user": "f3278834-f59f-4cfe-ba0a-3b4926cea348", "mode": "carpool", "log_time": "2025-05-18T03:06:22.287Z", "text_response": null, "quantity": 1}}, {"model": "main.deletedtrip", "pk": 51, "fields": {"user": "f3278834-f59f-4cfe-ba0a-3b4926cea348", "mode": "ev", "log_time": "2025-05-18T03:06:32.421Z", "text_response": null, "quantity": 4}}, {"model": "main.deletedtrip", "pk": 52, "fields": {"user": "f3278834-f59f-4cfe-ba0a-3b4926cea348", "mode": "carpool", "log_time": "2025-05-18T03:23:54.828Z", "text_response": null, "quantity": 1}}, {"model": "main.deletedtrip", "pk": 53, "fields": {"user": "6139f343-9b9b-45ee-af89-8ee1aee2828c", "mode": "walk", "log_time": "2025-07-26T10:02:53.326Z", "text_response": null, "quantity": 1}}, {"model": "main.deletedtrip", "pk": 54, "fields": {"user": "6139f343-9b9b-45ee-af89-8ee1aee2828c", "mode": "wfh", "log_time": "2025-07-26T10:03:03.258Z", "text_response": null, "quantity": 1}}, {"model": "main.deletedtrip", "pk": 55, "fields": {"user": "6139f343-9b9b-45ee-af89-8ee1aee2828c", "mode": "wfh", "log_time": "2025-07-26T10:03:16.155Z", "text_response": null, "quantity": 1}}, {"model": "main.deletedtrip", "pk": 56, "fields": {"user": "6139f343-9b9b-45ee-af89-8ee1aee2828c", "mode": "wfh", "log_time": "2025-07-26T10:05:18.674Z", "text_response": null, "quantity": 1}}, {"model": "main.deletedtrip", "pk": 57, "fields": {"user": "6139f343-9b9b-45ee-af89-8ee1aee2828c", "mode": "wfh", "log_time": "2025-07-26T10:07:31.888Z", "text_response": null, "quantity": 1}}, {"model": "main.deletedtrip", "pk": 58, "fields": {"user": "6139f343-9b9b-45ee-af89-8ee1aee2828c", "mode": "wfh", "log_time": "2025-07-26T10:09:40.927Z", "text_response": null, "quantity": 1}}, {"model": "main.deletedtrip", "pk": 59, "fields": {"user": "6139f343-9b9b-45ee-af89-8ee1aee2828c", "mode": "ev", "log_time": "2025-07-26T10:10:17.824Z", "text_response": null, "quantity": 14}}, {"model": "main.deletedtrip", "pk": 60, "fields": {"user": "d2eba25d-6a94-48ff-af83-7c157e414b30", "mode": "ev", "log_time": "2025-06-07T22:54:58.292Z", "text_response": null, "quantity": 3}}, {"model": "main.deletedtrip", "pk": 61, "fields": {"user": "d2eba25d-6a94-48ff-af83-7c157e414b30", "mode": "ev", "log_time": "2025-06-07T22:55:30.504Z", "text_response": null, "quantity": 3}}, {"model": "main.deletedtrip", "pk": 62, "fields": {"user": "d2eba25d-6a94-48ff-af83-7c157e414b30", "mode": "walk", "log_time": "2025-06-07T22:57:29.140Z", "text_response": null, "quantity": 3}}, {"model": "main.deletedtrip", "pk": 63, "fields": {"user": "d2eba25d-6a94-48ff-af83-7c157e414b30", "mode": "walk", "log_time": "2025-06-07T22:57:58.092Z", "text_response": null, "quantity": 3}}, {"model": "main.deletedtrip", "pk": 64, "fields": {"user": "d2eba25d-6a94-48ff-af83-7c157e414b30", "mode": "walk", "log_time": "2025-06-07T22:58:03.435Z", "text_response": null, "quantity": 3}}, {"model": "main.deletedtrip", "pk": 65, "fields": {"user": "d2eba25d-6a94-48ff-af83-7c157e414b30", "mode": "walk", "log_time": "2025-06-07T22:58:35.725Z", "text_response": null, "quantity": 1}}, {"model": "main.deletedtrip", "pk": 66, "fields": {"user": "d2eba25d-6a94-48ff-af83-7c157e414b30", "mode": "walk", "log_time": "2025-06-07T23:00:32.844Z", "text_response": null, "quantity": 3}}, {"model": "main.deletedtrip", "pk": 67, "fields": {"user": "d2eba25d-6a94-48ff-af83-7c157e414b30", "mode": null, "log_time": "2025-06-07T23:01:34.257Z", "text_response": "didn't want to :(", "quantity": 0}}, {"model": "main.deletedtrip", "pk": 68, "fields": {"user": "d2eba25d-6a94-48ff-af83-7c157e414b30", "mode": "walk", "log_time": "2025-06-08T06:23:42.478Z", "text_response": null, "quantity": 14}}, {"model": "main.deletedtrip", "pk": 69, "fields": {"user": "d2eba25d-6a94-48ff-af83-7c157e414b30", "mode": "walk", "log_time": "2025-06-08T06:25:50.806Z", "text_response": null, "quantity": 14}}, {"model": "main.deletedtrip", "pk": 70, "fields": {"user": "d2eba25d-6a94-48ff-af83-7c157e414b30", "mode": "walk", "log_time": "2025-06-14T01:33:04.106Z", "text_response": null, "quantity": 5}}, {"model": "main.deletedtrip", "pk": 71, "fields": {"user": "d2eba25d-6a94-48ff-af83-7c157e414b30", "mode": "walk", "log_time": "2025-06-14T03:53:08.946Z", "text_response": null, "quantity": 12}}, {"model": "main.deletedtrip", "pk": 72, "fields": {"user": "d2eba25d-6a94-48ff-af83-7c157e414b30", "mode": "walk", "log_time": "2025-06-14T03:55:16.693Z", "text_response": null, "quantity": 12}}, {"model": "main.deletedtrip", "pk": 73, "fields": {"user": "d2eba25d-6a94-48ff-af83-7c157e414b30", "mode": "walk", "log_time": "2025-06-14T04:36:34.607Z", "text_response": null, "quantity": 1}}, {"model": "main.deletedtrip", "pk": 74, "fields": {"user": "d2eba25d-6a94-48ff-af83-7c157e414b30", "mode": "walk", "log_time": "2025-06-14T04:37:24.784Z", "text_response": null, "quantity": 1}}, {"model": "main.deletedtrip", "pk": 75, "fields": {"user": "d2eba25d-6a94-48ff-af83-7c157e414b30", "mode": "carpool", "log_time": "2025-06-14T07:48:11.525Z", "text_response": null, "quantity": 8}}, {"model": "main.deletedtrip", "pk": 76, "fields": {"user": "d2eba25d-6a94-48ff-af83-7c157e414b30", "mode": "walk", "log_time": "2025-06-14T08:51:54.050Z", "text_response": null, "quantity": 12}}, {"model": "main.deletedtrip", "pk": 77, "fields": {"user": "d2eba25d-6a94-48ff-af83-7c157e414b30", "mode": "walk", "log_time": "2025-06-14T09:12:14.278Z", "text_response": null, "quantity": 6}}, {"model": "main.deletedtrip", "pk": 78, "fields": {"user": "d2eba25d-6a94-48ff-af83-7c157e414b30", "mode": "walk", "log_time": "2025-06-14T09:56:21.073Z", "text_response": null, "quantity": 6}}, {"model": "main.deletedtrip", "pk": 79, "fields": {"user": "d2eba25d-6a94-48ff-af83-7c157e414b30", "mode": null, "log_time": "2025-07-22T09:19:13.242Z", "text_response": ",,,,,,i put lots of, commas :(,,,, , , , ,", "quantity": 0}}, {"model": "main.deletedtrip", "pk": 80, "fields": {"user": "d2eba25d-6a94-48ff-af83-7c157e414b30", "mode": null, "log_time": "2025-08-01T08:44:12.723Z", "text_response": "", "quantity": 0}}, {"model": "main.deletedtrip", "pk": 81, "fields": {"user": "d2eba25d-6a94-48ff-af83-7c157e414b30", "mode": null, "log_time": "2025-08-01T09:22:23.430Z", "text_response": "on | Had to deliver child", "quantity": 0}}, {"model": "main.deletedtrip", "pk": 82, "fields": {"user": "d2eba25d-6a94-48ff-af83-7c157e414b30", "mode": null, "log_time": "2025-08-01T09:24:57.262Z", "text_response": "Had to deliver child", "quantity": 0}}, {"model": "main.deletedtrip", "pk": 83, "fields": {"user": "d2eba25d-6a94-48ff-af83-7c157e414b30", "mode": null, "log_time": "2025-08-01T09:29:51.619Z", "text_response": "morb", "quantity": 0}}, {"model": "main.deletedtrip", "pk": 84, "fields": {"user": "d2eba25d-6a94-48ff-af83-7c157e414b30", "mode": null, "log_time": "2025-08-01T09:38:37.378Z", "text_response": "Sick | Needed car for something else", "quantity": 0}}, {"model": "main.deletedtrip", "pk": 85, "fields": {"user": "d2eba25d-6a94-48ff-af83-7c157e414b30", "mode": null, "log_time": "2025-08-01T09:39:24.523Z", "text_response": "Holiday | Bus wasn’t working | wanted to go to mc ronalsds to see cazkleb clancy", "quantity": 0}}, {"model": "main.deletedtrip", "pk": 86, "fields": {"user": "d2eba25d-6a94-48ff-af83-7c157e414b30", "mode": null, "log_time": "2025-08-01T09:47:22.496Z", "text_response": "Holiday | Bus wasn’t working | hdjsfhsldhfjhsl", "quantity": 0}}]